,,,,,,,,,,,,,,,,,,,,,,,
,,,,,,,,,,,,,,,,,,,,,,,
,,,,,,,,,,,,,,,,,,,,,,,
,,,,,,,,,,,,,,,,,,,,,,,
Aruba,,,,,,,,,,,,,,,,,,,,,,,
Andorra,,,,,,,,,,,,,,,,,,,,,,,
Afghanistan,,,,,,,,,,,,2.29420880588218,2.36978613572853,1.95042946436272,1.86129988322751,2.23706948993234,2.32800282221116,2.06075126349116,1.89747279675157,1.77859261784739,1.1447151131951,1.06917092963673,1.28289937488342
Angola,7.69230769230769,17.4721189591078,5.70783618187681,4.70648514126775,2.44789603264181,5.97225116095868,2.64199190761856,17.334692213616,6.39260315427404,4.52435381521459,3.51023470700436,4.72213381713034,4.16241349449723,4.83484185181799,4.71484510684848,3.36223171967052,3.75821463787197,4.3861286511624,4.24488443702506,3.49561936904927,3.59335767350066,4.90544254113145,5.21018812417744
Albania,4.64945888470358,3.19929790202817,2.50038576220844,2.09971303703802,1.5170955042254,1.37870662933931,1.22888199308804,1.24206452648641,1.22789866018586,1.29960736186837,1.31579371180706,1.35922390508176,1.35348135815579,1.31485333142078,1.54375038367739,1.8207653435572,1.98486873031325,2.06593725523106,1.59311738441247,1.52730535496808,1.49085570218527,1.38415775962294,1.00912791965806
Arab World,8.85739854717137,8.07402838242668,7.48052467355694,6.8021104344696,6.16447143279666,6.3288231082743,7.27152134102118,6.28729940145559,6.17702027088779,6.56006265852837,6.00360681201843,5.58192195586908,5.17781519038343,4.73095473075781,4.47269086211057,4.57923883701792,4.19752161423084,5.35803215467149,5.11838998732608,5.08934196282904,5.26872193481117,5.87205551231661,6.84255805368169
United Arab Emirates,,,,,,4.23125030233088,5.29948113445167,5.01280124852479,5.63157166754963,5.61210504675656,4.87552690304984,4.69231072434317,4.61147388489275,3.65647745569231,3.226126784392,3.28052136989454,3.66802298458815,5.45710723540894,6.11946782176773,5.52065988010125,5.10969244282441,5.85600545767111,5.6654462979385
Argentina,1.34046362203184,1.34035236374456,1.45703853325047,1.47307453443229,1.2412284045824,1.14013911131295,1.13631707160019,1.22035954754993,1.14882368723143,1.1842346437015,1.09188047859748,1.06089364594404,0.799696413965788,0.762448625002699,0.697879247367395,0.691981964580775,0.682994134877242,0.783761711581475,0.747778636335571,0.720326045917766,0.748596481666467,0.823482588736399,0.799825148465968
Armenia,2.09548975296484,2.12165247900191,,4.05931217144584,3.28186704396967,3.90940345225657,3.52809625813577,3.69737528464027,3.56002487253697,3.12724921522391,2.69771474886414,2.72837233688367,2.74199670493715,2.87193140750363,2.9476130433149,3.04257463777315,3.39557944678193,4.15705009881747,4.26564622933795,3.85394659997222,3.8218100132926,4.26174813673148,4.28867359350402
American Samoa,,,,,,,,,,,,,,,,,,,,,,,
Antigua and Barbuda,,,,,,,,,,,,,,,,,,,,,,,
Australia,2.21534024420515,2.22989603201232,2.1861307221752,2.08643950505697,1.98125725345803,1.92111465608922,1.92178011805172,1.94163878924671,1.89865372042907,1.9308071319698,1.94116194996098,1.91110717108442,1.89310274787453,1.8795288627411,1.89485033588251,1.88946374886387,1.88506324559453,1.93235850991277,1.95342074372148,1.8314966278727,1.70158088423067,1.69072628578041,1.78121153832795
Austria,1.09964282520054,1.11373904247096,1.09701947699048,1.06366494440733,1.03825340630573,1.01959697243424,0.992196220973282,0.980246123382213,0.980318120265802,0.908241278680138,0.883529007828895,0.91363952775594,0.893480466242935,0.853723558778274,0.789783772018703,0.905658960661513,0.876167744092427,0.83878312328522,0.825946550041654,0.794622175427229,0.781997969188536,0.753887386831646,0.746338544466526
Azerbaijan,2.48957490508496,4.93372888045734,3.68316850709437,2.73690130284,2.25423034135488,2.32404979925782,2.41235591259715,2.62510993144516,2.26786206311863,2.31206260817217,2.24332117101365,2.4263625550969,2.62945031241574,2.29906967458575,3.4177538630434,2.86419491898944,3.29121114577001,3.32542168167072,2.79100435652891,4.67013555547022,4.72321511251042,4.67975088462298,4.76348727826402
Burundi,3.59973410797389,3.86353666939169,4.53061548546146,4.20907298696168,5.85632839224629,6.35939294049008,6.57171389305347,6.25823451910408,4.86185018351773,6.07104094356716,5.44104144918126,5.53277978191025,4.90266182221201,4.43561717974181,3.51225471482019,3.41490000681617,2.7212308336386,,,,2.38501863466906,2.2420092529754,2.00984217640382
Belgium,1.75287847401348,1.66069113533028,1.60441866248252,1.53877827261928,1.51071658925232,1.4498857256973,1.41033757079063,1.38583555922092,1.3444226626036,1.27889269182637,1.21792653834247,1.21662604160762,1.15063497756044,1.09272055278804,1.0489724102539,1.0934045075043,1.21047917851892,1.15698178168331,1.08271564770183,1.04128555071529,1.03639890666742,0.996604611858051,0.972919729271915
Benin,,,,,,,,0.716910476034139,0.614477238047258,0.524655104670442,0.92605458810199,0.971093548641501,1.03139557065747,1.02583417608396,0.994373039696835,,0.975727991920552,,,,1.03700337574656,1.03528179137935,1.06311640911946
Burkina Faso,2.11865316579863,1.89174482856421,1.59654194792042,1.54917017470359,1.43596042486539,1.57493599252235,1.40806161670286,1.38460354988128,1.39243072523767,1.30945656904446,1.32482343147172,1.20686530442257,1.35751934660677,1.35177109778042,1.24271952672015,1.59226660027215,1.46983684754962,1.52145511081128,1.38257489312706,1.29920611755657,1.30339437569214,1.34682860190536,1.32145281867671
Bangladesh,1.20425833089389,1.28460329435152,1.40467267494991,1.41504804079719,1.21492586348689,1.25546593450976,1.25307418722698,1.26879800283073,1.24307550667887,1.16771985707274,1.08517744027308,1.03783817303734,1.03393217738864,1.00696811162278,1.02459490940097,1.03210314592751,0.971158400858176,1.06506883412441,1.23354515586516,1.27747675111331,1.24141867512971,1.18452127152146,1.1547460552381
Bulgaria,2.97310756972112,2.60956841753095,2.4923896499239,2.38078422348843,2.11291530601408,2.18269519946727,2.18974973490051,2.61330697505176,2.63101001511949,2.83842270738166,2.78980227401585,2.69676438052341,2.51064230656162,2.38714423311918,2.23175658110901,2.36536366079139,1.94699453269066,1.92029576466227,1.83578946665727,1.48660867116399,1.53552337953966,1.65118903235801,1.50248174201713
Bahrain,5.89778822566295,5.37694187538102,5.12331188106593,5.19034722303143,5.26691488111681,5.0850617308374,5.3264750719729,5.49367548019142,3.95463816945056,4.15452846760056,4.59734007360461,4.66710505107313,4.0544331849496,3.21452770394155,3.10362321964961,2.95718244215762,2.80005047950356,3.61019482258657,3.2773662908983,3.55802856444306,3.84350979685121,4.09636606168398,4.23235967126145
"Bahamas, The",,,,,,,,,,,,,,,,,,,,,,,
Bosnia and Herzegovina,,,,,,,,,,,3.62407215325273,2.41665687135929,1.99664588323787,1.58942183089779,1.42127210446089,1.26318825441492,1.24676014152352,1.40440855427331,1.30536600134099,1.15667215526552,1.16731266516367,1.10697925895059,1.09084985893832
Belarus,1.62249864791779,2.79097146104819,3.62160825483893,1.6994693688603,1.26069124558484,1.76896606903305,1.49509848950618,1.36675910027935,1.34698589853073,1.43828756434444,1.40024408626422,1.29906358027392,1.35822274853076,1.49845313530187,1.70941249195756,1.64976591437478,1.45349285157346,1.37257698145111,1.39023243984992,1.2660617412909,1.19810206455858,1.32057598187798,1.28575108018377
Belize,1.02133828897273,1.09520219972983,1.36019995860598,1.29880445638469,1.2422198496783,1.4361093375233,,0.823632829562331,0.855545536519387,0.855030004046037,0.839519473206355,0.863533094360579,0.89672448834901,0.961315207726565,1.00891857572042,1.06614074832325,1.36761333079405,1.29155214200005,1.09779918015964,1.03674794499765,0.96250173060969,1.02647657590366,
Bermuda,,,,,,,,,,,,,,,,,,,,,,,
Bolivia,2.51294562198266,1.92076779687648,2.25681097737175,2.10453998351423,1.99351849407327,2.28052794137797,2.69764470906465,2.13908185191203,2.06765103057489,2.26992485098668,2.03484934431682,2.15073394805598,1.92873038884132,1.77581435622698,1.57050095863339,1.68946104241465,1.96480739468859,1.99676743184088,1.66846094153534,1.46769691369517,1.46542569334358,1.45445345086875,1.42613961169571
Brazil,1.52162666305541,1.92777043687424,1.97308864044664,1.82250670957093,1.64887621130328,1.57211574690412,1.65628712157736,1.63859533799576,1.72599775278469,1.95104682071747,1.89272544013713,1.5016258068717,1.46055684750894,1.52320539881459,1.48086855268607,1.46749613966875,1.44297882884477,1.5408749662728,1.53901567727984,1.4123730074644,1.4083951204039,1.37778088863183,1.34420686162714
Barbados,,,,,,,,,,,,,,,,,,,,,,,
Brunei Darussalam,6.01614086573734,5.69791980705457,6.40717603716162,6.03576751117735,6.4189657562734,7.1012051315278,7.25663716814159,5.61754520969604,4.06921009179954,3.88621404429925,3.87075867472143,3.71142426370048,2.53272673751367,2.60809540585082,2.5581867462608,2.63835089525151,2.51496477578574,3.25885736613863,3.15847168506465,2.48853611189289,2.42576150218786,2.55783149863328,3.05842670935285
Bhutan,,,,,,,,,,,,,,,,,,,,,,,
Botswana,4.29249305547617,4.4631090031502,4.00149546114425,3.50640527062268,2.89949053360555,3.19719224347712,3.77939142461964,3.0921005938158,3.19123358922349,3.83125064320665,4.11022489539749,4.00736056928145,3.50588177652335,2.8580113931112,2.70521092400512,2.80145034967543,3.03697194455422,3.21559987092843,2.72685341060579,2.35796210006185,2.25412072433536,1.99249342459286,1.92084958405663
Central African Republic,1.64212531741423,1.49708784517113,1.25588265167931,1.16678191990947,1.21019207119553,,,,,,1.0774753471096,1.31773242970862,1.18918435501387,1.14020437519568,,1.12550729567351,1.58718333424916,1.81621084895056,2.59742642993907,,,,
Canada,1.82819719842089,1.78635720671581,1.66279125942048,1.52439319595165,1.37422252169102,1.22046737432548,1.22711453673951,1.21765342942272,1.12237129905679,1.14305465478591,1.12892354278088,1.12169759669537,1.11318248373511,1.11564389562702,1.12983701858475,1.1946963407625,1.25389283184303,1.38135949616051,1.19670222407724,1.14513218539514,1.11175397055965,1.00402163105231,0.976696514774611
Central Europe and the Baltics,2.49155973256282,2.23400707450048,2.16818885538958,2.43382159751709,2.28993072083043,2.29158136651933,2.13228109900618,2.00880717461352,1.89124397056557,1.92273485315061,1.90865536481726,1.8838103055976,1.85002237915021,1.87687360088981,1.79944492067824,1.75801843740284,1.63310423660517,1.63306084035453,1.5535055482666,1.48556448295566,1.48623292665362,1.43882097612912,1.47694364750303
Switzerland,1.52622222362106,1.36950510458902,1.33575286693442,1.35921609383119,1.28617521191823,1.2205840916806,1.18459031787988,1.08550903989975,1.03077975033289,0.991889010512024,0.957306230182184,0.929084522641689,0.890330018793585,0.855037033212641,0.775655637143313,0.738290951547279,0.743077485790045,0.751711024090013,0.708080581945892,0.714349481049442,0.689409826123349,0.737253030465675,
Channel Islands,,,,,,,,,,,,,,,,,,,,,,,
Chile,2.62851235127941,2.70692554310094,2.65807074205007,2.56206250521252,2.51302217679646,2.5608655172378,2.66129291868621,2.79897902292449,2.65205454641956,2.61704658061837,2.50694683078681,2.34862582281794,2.47646480678628,2.41249672918118,2.41166070382135,2.28688278866468,2.53068975435177,2.18676664875179,2.16371842670056,2.16881934080671,2.06467529405585,1.9448440279006,1.9947695041809
China,2.54541297384764,2.06056127777324,1.79324637429942,1.71111304142988,1.74508856079796,1.6744408563569,1.76476759377831,1.88717526891139,1.84111855220127,2.05766909342852,2.16442698467794,2.10742745923907,2.06079860920988,2.04039030467606,2.07574678645169,2.03641970693166,2.01072330156397,2.20930400556434,2.04204909232752,1.96540758711362,2.00440703363938,2.01490179881522,2.08904616701581
Cote d'Ivoire,1.40588053436141,1.34563357769457,1.0112601631866,,0.845688038925344,0.797853696423894,,,,,,1.39160512542319,1.51507182012153,1.46253424554929,1.50194869781695,1.59076456080284,1.5228557140276,1.73023939460025,1.55796604110291,1.40783060477718,1.50670701937133,,
Cameroon,1.52253311706905,1.32612626187666,1.31033949718511,1.25164434043879,1.22483905868208,1.30124132233517,1.39650840598324,1.44385298425916,1.32474886472856,1.29036003476202,1.33850675603209,1.38381421666365,1.40160381986713,1.34486662193914,1.43110812264012,1.45214480313766,1.48607376662333,1.46812738473885,1.49880253918208,1.30693095958113,1.33894925689075,1.32862294309853,1.23362969033865
"Congo, Rep.",4.28258629572385,4.07841073542955,,,,,,,,1.94849387296783,2.34120385766545,2.68249827738951,2.67387409398159,1.65789391721431,1.63711472814525,2.00221440817399,1.75161446869554,,1.81872994981216,,,2.60585813449002,4.98670490614293
Colombia,2.49738580099219,3.00695933401865,2.50840842492356,2.83162627876616,4.44537608353311,2.80179937307233,3.4409778550083,3.76274193373332,3.03168353865852,3.32387281880532,3.41712762358197,3.46398869081496,3.46501517406307,3.35287338750456,3.27613063886762,3.26673966297973,3.70974427551673,3.86329454054022,3.63114856383642,3.07278341135743,3.16677706852945,3.42087441588045,3.45591891577355
Comoros,,,,,,,,,,,,,,,,,,,,,,,
Cabo Verde,0.996156322596564,0.55776974085668,0.843963058061036,1.27407720110806,0.849027389558463,0.836178851424029,0.864732816455006,0.844799645619922,1.26126169762313,0.823865508908088,0.728028800681913,0.710453146494567,0.69804407854276,0.712416821855184,0.630491125888746,0.524703169514095,0.479590098292555,0.490877611423632,0.497948605100722,0.479638192585382,0.478412951119727,0.517295732027257,0.579726340631003
Costa Rica,,,,,,,,,,,,,,,,,,,,,,,
Caribbean small states,,,,,,,,,,,,,,,,,0.711039010950409,,,,,,
Cuba,,1.81249513228,,,,,,,,,,3.50681726390262,3.41074476216403,3.86852139329616,3.23821008264745,3.22915866799765,3.32465550444609,3.38103629914334,3.32684576904064,3.25321850339773,3.93797841235291,3.51316985030402,
Curacao,,,,,,,,,,,,,,,,,,,,,,,
Cayman Islands,,,,,,,,,,,,,,,,,,,,,,,
Cyprus,9.12928604418491,4.07495260499477,4.02398919595774,3.01401713684029,4.4840402081499,5.62655060056529,4.74206175538274,2.7785869077943,2.838066925225,3.17426167555166,2.14414229646962,1.99919295324468,1.97353568749681,2.05564116945562,1.91959183415737,1.70246360911897,1.65060989449523,1.84170559416039,1.89162846864125,1.77094783427089,1.66451068486037,1.76334818703522,1.82220427309758
Czech Republic,,2.01615477871148,1.98091114713549,1.7894393129614,1.68313090098211,1.60385627275943,1.75689957980703,1.86332195056541,1.88270817615895,1.75509691225471,1.82918866656148,1.89899331099261,1.71638439198603,1.79390737550844,1.57845253000244,1.43401348028182,1.24091677280115,1.32142233708932,1.206623928111,1.08853147739788,1.03781057026565,0.997618873982566,0.984273609334525
Germany,1.97650001179718,1.79914786537417,1.64695212234127,1.58893817898275,1.55857246026674,1.49904563153742,1.47981639995038,1.48427837676605,1.44565885971138,1.40793179009652,1.41269467157387,1.4009607361133,1.34989724728565,1.33169699976499,1.27039578277968,1.23859113744019,1.28317995949993,1.39095357110874,1.35566838235865,1.2830202660146,1.31524782719372,1.27785212921964,1.20576901222196
Djibouti,7.0338155153541,6.66573298916049,6.24603042908558,5.94872026770372,4.96497522637963,5.28230500582072,5.19277606727632,4.99534494141554,4.72126354944047,4.55054821263219,5.62506425218077,6.71395128375836,5.60836325237592,6.32869881450543,6.44004537304695,4.07099201688201,3.63073180072313,,,,,,
Dominica,,,,,,,,,,,,,,,,,,,,,,,
Denmark,1.85850151330783,1.87603052222907,1.74118305197481,1.6853146650741,1.64481665845606,1.61596120506505,1.60802638812534,1.56485472255403,1.45744405054744,1.53238072045298,1.50814985204971,1.46685124979903,1.42444199223901,1.31103151076842,1.3771213510563,1.3069321276126,1.35796171115415,1.35642341037933,1.40816801944126,1.3231671797378,1.37225670526613,1.25763825459488,1.30377783984093
Dominican Republic,0.55975394149655,0.750161369771974,0.726645055821939,0.544154567761294,0.630320831122,0.783204378335852,0.780062374149809,0.81624388755279,1.04336342418103,1.24795166741312,1.09045190254264,0.777279333010674,0.70800214028739,0.814214089776295,0.72454918755803,0.628983301374844,0.701838774576932,0.669997775484689,0.668999034390894,0.600695404514719,0.598863429186057,0.605725285688601,0.622741189512689
Algeria,2.19423769908935,2.55660378032066,3.13778074200812,2.9562443005342,3.09412450498884,3.63736429831781,3.96565966964552,3.75507988711669,3.43339409660042,3.82069277966563,3.70082676927451,3.2512103648804,3.28388617181391,2.83417679359402,2.64380883029593,2.92332224841307,3.02474623662252,3.84851553296118,3.51802317460861,4.3463109893158,4.56430504999589,4.95063501979179,5.54192141573425
East Asia & Pacific (developing only),2.36559794251567,2.05103454608936,1.92549302090401,1.8253317986192,1.80267795414288,1.74295708476658,1.71260926714618,1.76563133861461,1.68027084612138,1.86012021549294,1.94115328099237,1.93047118192712,1.87240528620261,1.8374764803909,1.85331438483645,1.86429327270911,1.84553374530211,2.0212322960544,1.84412484627642,1.79503129415389,1.86399817834752,1.89203565848591,1.95393770919087
East Asia & Pacific (all income levels),1.49665316975391,1.45146113023716,1.43329594156887,1.41153978876704,1.44986638330469,1.44635365212714,1.4365633123412,1.44107039402989,1.39815036788243,1.46718139368093,1.51268439832349,1.51843030980818,1.50121623757903,1.53487145501155,1.57760185278993,1.61027755611213,1.62208406909388,1.72886672239099,1.62995768337088,1.62926991372555,1.66352944525764,1.72160534745469,1.79266912417503
Europe & Central Asia (developing only),,2.8150170459246,3.16695347979851,3.11299592324806,3.25125877695075,3.46259887268051,2.98862056050831,3.34956442759765,3.23124474313438,3.03783747253491,3.14487096131664,2.83390568096779,2.46898853077796,2.3067916864177,2.27973294573631,2.22843077549433,2.15746269230653,2.28195261076221,2.11506216941869,1.99359065932399,2.04909957573981,2.0311395616068,2.04218288779658
Europe & Central Asia (all income levels),2.47805677942267,2.38097084795584,2.28775032455957,2.12824811205336,2.10272117816414,2.09817365218844,1.96529255450398,1.94679100635974,1.91965408153985,1.88933153957733,1.91872260843394,1.9004460925338,1.85830743383709,1.82782212451529,1.79893254382437,1.77250417258631,1.80639357533572,1.91815754382313,1.84733005640145,1.78656735587646,1.83454187631802,1.81365898817075,1.80851849293838
Ecuador,1.16670042356755,1.45806109149185,1.28208974813281,1.94507373835966,1.66178970388415,1.7727742517294,1.96296426339534,1.50747754698772,1.45207595274333,1.56937598177954,1.76889198532555,2.2785533646602,1.9403327987762,2.29840279075247,2.02982587683564,2.56823582019659,2.66504173599459,3.11741808812028,3.01055129218138,3.09511005659875,2.71502783656756,2.79234165898543,2.73464614051916
"Egypt, Arab Rep.",4.45363048166787,4.38337628865979,4.17228571428571,3.89411764705882,3.49433304272014,3.19763068822866,3.28427279053584,3.21228868660598,3.18920905615995,3.30596598829105,3.36249667346598,3.3408383257539,3.02565421828415,2.85393687225232,2.7403755926218,2.50212808807734,2.29304299274149,2.13727691421992,2.05349743079728,1.93158777623806,1.7519517613456,1.70840700393544,1.75768422106528
Euro area,2.16952313764093,2.1197013422345,2.01841678297372,1.90601225885715,1.8927412530257,1.85768663904042,1.79795247002993,1.77992671772875,1.74099033118707,1.69351836681846,1.69358565752043,1.68870470862112,1.67559235555703,1.63048413095601,1.59021329722498,1.54236617459907,1.58146449126492,1.67812682873639,1.58723299178702,1.51909938007924,1.51715577657191,1.48182861063745,1.4197517895572
Eritrea,,22.0387476497997,13.3946018563752,20.8282648068554,21.9593521752937,12.8311476006847,35.2774691561008,39.6065165138431,32.6556711938038,22.1367915582473,20.6718783563252,20.8657453093811,,,,,,,,,,,
Spain,1.44040447559875,1.58289007700863,1.40334716915049,1.41146913921587,1.34420236397318,1.30288833681756,1.2193479916685,1.19337187624092,1.17579883945841,1.13962557610274,1.12287932010122,1.06868689885895,1.06015648580251,1.02175127825431,1.14150761825206,1.13055337354403,1.14283461759333,1.13028875827824,1.02983311330329,0.935592993330215,1.02619702452145,0.904991607739751,0.9066207890831
Estonia,,,,0.960608902676575,0.874862788144896,1.04823437674056,1.06923229517953,1.28972763515779,1.3763876509197,1.50499030659869,1.67018918500954,1.74512847042594,1.69990933816863,1.89961101934246,1.85752330226365,1.99863309751187,2.09375567803283,2.21032380359593,1.70438708010687,1.706921566954,1.92779828425953,1.92648408649433,1.9666791291299
Ethiopia,2.4334662306856,2.17180059945536,2.02813246391301,1.57362336274168,1.48717475817713,2.70961093864857,6.06448946676708,9.66283130179603,7.55585536238765,4.31590109498592,3.69107896610284,3.23870682091824,3.075838946212,2.76307982260756,2.26683978155997,1.86314851727515,1.48936953998532,1.18355395962694,1.13378246662476,1.09070744610966,0.868362090380475,0.809149589933593,0.739932534975534
European Union,2.35361154413647,2.27544608784726,2.16459456861636,2.04071248921918,2.01178086069935,1.97400317296968,1.9148222207249,1.8849052974147,1.84329134628051,1.81058487829954,1.81777279193442,1.81194256832475,1.78400966417819,1.7402877557627,1.69497587825232,1.65664606635456,1.67758676059439,1.76521527132458,1.68650646742867,1.61530027474356,1.6104860398083,1.55964992630725,1.51555573816678
Fragile and conflict affected situations,,4.01026940004805,,,3.45347096072763,3.45550500132027,4.37945558391763,4.10472864804575,3.68185142725781,3.89890180014051,4.38550603400051,3.32737900035847,3.13817420537283,2.7582788911205,2.60159856458543,2.38439467456508,2.28807424596472,,2.70031895882362,3.01690434317008,3.07258689366696,3.26057611962727,3.97137914529819
Finland,1.84320935275539,1.80995475113122,1.69993830424819,1.42254149924916,1.53047227121301,1.53515505066012,1.46317555780765,1.22310377157804,1.24114750368778,1.14451283258445,1.15463722865486,1.323357678681,1.34467462155392,1.34195526410239,1.32144553744192,1.18070145350084,1.27406290814667,1.43126239442299,1.37199358631748,1.36994651265562,1.40345257341348,1.41191613653803,1.34794010244345
Fiji,1.99365851539765,1.95915129883006,1.844409519533,1.76116063372911,1.54283801874163,1.47861466706361,1.36403681988031,1.22604763025122,1.90247924847048,1.97650995967867,1.67751009856116,1.6102762500652,1.71575938748871,1.43380539425518,1.74254104931503,2.21952588227978,1.52095279892181,1.78657926642521,1.60512894970238,1.66698115005244,1.53828292796192,1.50733342363247,1.23455166973442
France,3.20326237354212,3.2019219717103,3.16720684118026,2.96734524276981,2.87445887445887,2.82795238120884,2.65032647029385,2.59274698382782,2.47101096543937,2.40750367887693,2.42626825377809,2.48461315787224,2.49538216932825,2.40098917706653,2.3448860849516,2.2754629510657,2.25783500764085,2.48301072141193,2.33417280424482,2.25665813943099,2.23893577596555,2.22105156231913,2.20155323761553
Faeroe Islands,,,,,,,,,,,,,,,,,,,,,,,
"Micronesia, Fed. Sts.",,,,,,,,,,,,,,,,,,,,,,,
Gabon,,,,,,,,,1.80145224765811,1.79395209821725,1.78317027682097,1.66832793289402,1.58632074136334,1.2025831486032,1.0923922788207,0.989670689594149,,,0.864755454828592,,1.4188127472954,1.47647058823529,
United Kingdom,3.45634288944761,3.21123472943224,3.02457340082341,2.77168991760954,2.64381019123667,2.47974464598648,2.41101425981323,2.3391137421667,2.27657321067071,2.31049402124899,2.36863917878284,2.41500598475462,2.34844736777112,2.28643736903201,2.22559459609639,2.22680484767947,2.35038767346536,2.50829204179891,2.41214349654927,2.32538695920137,2.23697341523175,2.12314125905802,2.0544547117773
Georgia,,,,,2.21017303095685,1.25358768122438,1.13697396112588,0.924374863714245,0.615582487730672,0.740186006346031,1.00053299170362,1.06848445173317,1.37383892695902,3.33916690563876,5.21830393055473,9.15911651150832,8.52011839693249,5.60658289780941,3.90245281428362,3.2492623866298,3.1413272225984,2.52911327850697,2.34693881746353
Ghana,0.649333273870579,0.686965729190878,0.694524495677234,0.758801295199763,0.640637815622602,0.660011053325209,0.76786540240518,0.76803467477818,1.0211582727189,0.608709585061478,0.599647988211698,0.697575641232993,0.634514033475153,0.598185497137593,0.371048843050942,0.509249881411555,0.398444619594323,0.455352363073505,0.380677683292731,0.592259762335199,0.804165255771521,0.524836694180295,0.478650566468964
Guinea,1.69438211083554,1.34050610488822,1.35591099727377,,,1.17267132318543,1.25500853732498,1.59510622231171,1.53463750795725,3.1002107732252,3.32468046125643,2.44118141486197,2.22856436634248,,,,,,,,2.98052820920924,3.08957442854488,3.84615384615385
"Gambia, The",0.490257621015372,0.338576188026789,0.310370827289665,0.367245635075677,0.463277797997547,0.519690011495763,0.481928244328362,0.431932626093386,0.424507189603589,0.357026296999104,0.390720316085442,0.410205890900591,0.3336981037168,0.478245106661106,0.425347640787825,0.569181614670911,1.77718804228381,0.787806622057018,,,1.22454272118806,1.16453814711964,1.8090103142981
Guinea-Bissau,,,0.855925838203038,0.870947718360914,0.701776941322044,0.676895594755814,1.4047619047619,,2.57483257764034,1.57622020135278,1.53016512672596,1.57542880051431,,2.06485005524791,,,,1.66440130279794,2.02123680442557,1.58743874525708,1.72923437713856,,
Equatorial Guinea,,,2.3602553215217,2.43058903617806,,,,,,,,,,,,1.9258804109391,1.8965651073776,3.98268606819129,,,,,1.16395827381839
Greece,3.10598154643962,3.08058620023245,3.06505133420941,3.04235460877497,3.14773942348465,3.19150362825239,3.32891496767777,3.34972958112082,3.45350623254186,3.25583338596934,3.09987662857065,2.49855939573581,2.61515928193475,2.83787264747101,2.78381585682446,2.67773506202565,2.98174980926996,3.22624257152604,2.72486225164626,2.46832880950788,2.37050066502337,2.48593634121783,2.23809837581514
Grenada,,,,,,,,,,,,,,,,,,,,,,,
Greenland,,,,,,,,,,,,,,,,,,,,,,,
Guatemala,1.2537089066004,1.07871278967974,1.07969573590253,0.989822373680011,0.820603086879233,0.742815312863742,0.720836747296261,0.675600909681102,0.818335288983714,1.05206364498584,0.762245026054295,0.815655342525256,0.479415837315775,0.383913656735458,0.431829652447832,0.398456601466993,0.425420452087389,0.390658739410391,0.41075615518789,0.414299267948206,0.445274227368241,0.463793540676666,0.449462017308238
Guam,,,,,,,,,,,,,,,,,,,,,,,
Guyana,0.983625618774683,0.976384048062239,1.01412639268439,0.915520348745644,0.78782295814437,,,,1.76599077184906,2.06397395691769,2.30493356495793,2.2030811202478,2.81610458981392,2.24354503163041,1.31488813689359,1.4348958259383,1.58746376163778,1.53318454470195,1.37543688813925,1.25812293597529,1.17645544462694,1.17929428622604,1.18925123219229
High income,2.96013587759205,2.81229684599076,2.62108238160439,2.41959446461542,2.35484532787347,2.35711570996241,2.29061479692075,2.21925893269506,2.22549197239911,2.26428652242398,2.38780194421358,2.46970095099502,2.48100818390731,2.50102796851709,2.48428359192968,2.45855790752515,2.56014556552433,2.81644143450803,2.75849065125664,2.67310643671635,2.63020772160159,2.54501958291945,2.49101479469219
"Hong Kong SAR, China",,,,,,,,,,,,,,,,,,,,,,,
Honduras,,,,,,,,,0.729930429238472,0.822608431293068,0.809185008554817,0.998263524205632,0.682690640711296,0.641479860895688,0.692430000775615,0.776008597104899,0.953977829180274,1.07491147617113,1.07445720815541,1.13130842795229,1.00603766504505,1.24321585299395,1.26988591143415
Heavily indebted poor countries (HIPC),1.98130344450682,1.90373548254072,1.62726212606358,1.61622169865322,1.53148467551235,1.53802747378725,2.19056276141793,2.59333313835657,2.18051979698454,2.05138371696943,1.9563532285812,1.7286504139345,1.99854689540502,1.76285314780799,1.78212705906843,1.45506297541457,1.45051192092312,1.45285199027378,1.44298357349362,1.36110453560538,1.19865041234454,1.191318448204,1.28140469326563
Croatia,,,,9.20320483543388,8.18769992132015,7.54417042554707,5.61204183604448,4.42962861784193,3.03005577704415,2.70277377235064,2.72961250304071,2.04683954655462,1.75797978936939,1.75964410361559,1.68416333545037,1.62920790543266,1.83948113953723,1.80263229455594,1.7026225380364,1.77782054018948,1.69126903430411,1.65365683735442,1.52951963780391
Haiti,0.0825763432547352,0.091326310335895,0.0752964736068087,0.0919615016327432,,,,,,,,,,,,,,,,,,,
Hungary,2.31032437548183,2.09609970768265,2.01114661747559,1.54029903824567,1.45456048670767,1.66988948953498,1.45275089820003,1.64901949285105,1.70037743036525,1.77630728044355,1.60937339444181,1.65398829087002,1.48571220651205,1.42648212150658,1.23432333274821,1.28190512475198,1.19292820641533,1.14086454856002,1.04243552389721,1.05570416128991,1.04260071876927,0.907108683202139,0.849595156591901
Indonesia,1.35687646338744,1.22355739408225,1.2661565801111,1.22630956711201,1.26439254655043,1.49774083699762,1.01911737452387,0.810811466524459,0.684483812752025,0.572791956858986,0.700118902200388,0.909282977682352,0.945716156570129,0.750789096317601,0.716425480370127,0.774786825419629,0.633480984934018,0.612410891294183,0.61758709195193,0.653776702606806,0.846547139586787,0.918660584468662,0.790120665084307
Isle of Man,,,,,,,,,,,,,,,,,,,,,,,
India,2.70483974424174,2.8235421560629,2.66467361282805,2.57848362109816,2.47276820467833,2.64773243254528,2.72731137290138,2.95719572151821,2.94892988346583,2.92443555470464,2.82686688558944,2.67777695335249,2.82875231583591,2.75490774473101,2.52680870710134,2.34263396745748,2.55019354164183,2.89349717243706,2.70746606049265,2.62277164168148,2.52603491579872,2.44837933983549,2.41058736526535
Not classified,,,,,,,,,,,,,,,,,,,,,,,
Ireland,1.17533335092336,1.11706285754895,1.11093903257447,1.01637720024642,0.992137807275566,0.925879115720445,0.826633068569338,0.752504835600398,0.69944795559897,0.70792838537047,0.637672539615961,0.590445443862806,0.570784626249918,0.544300452430907,0.516382309021807,0.509584571165727,0.578262344664906,0.606195795710054,0.583344045052277,0.546882262457883,0.521490876948644,0.515243330327843,0.484252095944065
"Iran, Islamic Rep.",1.94707309213422,1.8356865792755,2.28192022683014,2.35248351518174,2.50412783476903,2.78134355978578,2.91741345034906,2.68628686201962,2.53585861192314,2.71021662618849,2.41837090330004,2.74501679174434,3.21246275867121,3.5396722313182,3.60862067143775,3.03453955217892,3.11300500946388,3.47007298321294,3.20925755488926,2.47632462079983,2.27957137831086,,
Iraq,,,,,,,,,,,,,1.67557807777108,2.24258037196074,1.89757169697285,2.18609505836687,2.18307710520838,2.65838557947636,2.58538933978137,3.17875661607412,2.77733762084936,3.39626678643914,4.31722458748353
Iceland,,,,,,,,,,,,,,,,,,0.175400311318208,0.14996462167399,0.132753936673847,0.122567399430977,,
Israel,12.4694705816684,13.2608419936135,11.6162016125663,8.91623756501891,8.73686674735844,8.51206147511032,7.92605322643012,7.4186696072164,7.14680401826834,7.35236808435041,8.2990665778751,8.50440840681683,8.1795757312188,7.62007420151218,7.50860687951118,6.76583720585157,6.60542091490466,6.79520561083076,6.28780133201314,5.99089329363512,5.7377167736735,5.83955687587555,5.22920374170372
Italy,1.89941398848411,1.93691205374489,1.85791032610035,1.65423731428154,1.79020557148589,1.83324659667933,1.85330824260525,1.89699396595924,1.9620832697457,1.89254861314943,1.92273954622247,1.92587892528553,1.8961833409707,1.80883185519361,1.71902958194874,1.63167857217599,1.72425893180947,1.75203575421323,1.69434482676156,1.67366615751109,1.62550262170652,1.58599562015187,1.44135796511142
Jamaica,0.949489215023949,0.647388537933325,0.492555190642325,0.580145940836903,0.655091431545187,0.737410183352731,0.544948340618611,0.511051526418673,0.486829876974869,0.509359165730794,0.585431531218694,0.581595977155988,0.536045141657973,0.527879572999126,0.609050832025158,0.652663400925958,0.953477587321959,0.946871029672015,0.873499798037234,0.92586423567028,0.930296362977247,0.894259107348879,
Jordan,6.92397735970187,6.97682632974963,6.53923405056723,4.45425360645006,6.02580506231548,6.13284119521716,6.27604200840191,6.2840020991683,6.25847554008326,5.8943726534306,5.44717308720787,6.00245361707053,5.14344480262136,4.79532279452097,4.65932402538281,6.0339173915329,6.1038599539299,5.89379369568438,5.17428310515445,4.80353488596513,4.02905158342843,3.55950530674446,3.53852989465909
Japan,0.854621869879409,0.895013096145406,0.918181629649532,0.916566046430695,0.904128816599301,0.898058155005473,0.93497057910938,0.973726275056288,0.971756972109991,0.971628117636633,0.982531203032373,0.992924169116945,0.979100136125781,0.977479802461982,0.968142082390115,0.951844279801441,0.964173055847128,1.02209282616775,0.978939177552176,1.02363979395337,1.00780783350564,0.990501450654825,0.995290634394856
Kazakhstan,,1.01960704344546,0.897350643069808,1.06784724755716,1.14935563821769,1.06809084752047,1.09619801028522,0.852981589534075,0.784645080413813,0.99981747947367,0.998337728005303,1.02992745863145,0.98823977502525,1.03632215320185,0.978995775804243,1.29687679039835,1.15466850415593,1.10303327673722,1.0144155785994,0.959310404883757,1.06995900498522,1.10020785083307,1.09299636660358
Kenya,1.90076923821019,1.83776752755987,1.64142552307473,1.64814353653688,1.4179547033567,1.34063685800447,1.22012223201422,1.17802122755925,1.30326707000114,1.50442894235661,1.62685331759665,1.65009692679332,1.61418283661441,1.69068851648449,1.45517741016444,1.54791249583401,1.61585029427424,1.56144803484178,1.55513786793997,1.54141878592068,1.66647462152831,1.56662687777398,1.34409123962796
Kyrgyz Republic,1.6422501720653,1.53179449829122,2.58636182108626,3.45861592681371,2.9882731534704,3.11226727759184,2.66756189038483,2.59941624430204,2.87890115479955,2.34637597400224,2.72625766578771,2.86628591404683,2.84850999193636,3.07772509593733,3.16871426299274,3.05783673731146,2.90491239250202,3.17607985969788,3.8458169990103,3.39873093065435,3.20738180952636,3.19621902712902,3.40442477051912
Cambodia,,1.76128859525367,3.84234279290405,3.57731203065129,3.23845437631423,3.00335273495276,2.66204376880682,2.51003403213605,2.19106670825415,1.77389874102373,1.57691598781815,1.45407404314744,1.26753758792811,1.15011895371825,1.30157830427375,1.09250903041326,1.19405835904821,2.26854886650872,1.58519006587487,1.58661173890003,1.54617098651579,1.59883275004684,1.66576914586051
Kiribati,,,,,,,,,,,,,,,,,,,,,,,
St. Kitts and Nevis,,,,,,,,,,,,,,,,,,,,,,,
"Korea, Rep.",3.26146972969765,3.15780774719739,2.94725840119236,2.87579269164785,2.71931872001668,2.64921681727134,2.77781098274145,2.48710954594122,2.45731751955534,2.42787785440348,2.31547437727618,2.32866461778874,2.33106493247801,2.46728273718568,2.48836866984537,2.46963878142104,2.60147600942768,2.70624198255842,2.51922851985445,2.56843160516283,2.58919228380771,2.5995396536307,2.60087348947328
Kosovo,,,,,,,,,,,,,,,,,,,,,,,
Kuwait,31.7858056846167,12.4407005949767,13.2588081270518,13.5814641360611,10.2923866065603,8.08667789062076,8.79589218808549,7.59071220086255,7.15067415730337,7.69710307447902,7.39861949956859,6.53956683255064,5.80436147742193,4.34344932819057,3.5425856803529,3.59028268008962,3.00605754669359,3.97417809567557,3.7561481418781,3.50149610448267,3.41380463985977,3.3121016553489,
Latin America & Caribbean (developing only),1.18956380254691,1.28633888061313,1.37127927809273,1.52524058484785,1.50647277738004,1.33611244890868,1.39503440024911,1.2752956666704,1.23838955212108,1.29543658144282,1.23185391741997,1.17822145997815,1.15157337207139,1.22688916285943,1.20039031413993,1.24855305561171,1.2999737932264,1.45710061524504,1.44485559728063,1.33619458933524,1.36803368109907,1.38170193336914,1.3391532240982
Lao PDR,9.07008423491489,8.1072557430067,7.52166488354676,5.88048744278339,4.18673360041077,3.83881519171361,2.60512317439804,1.05766038778386,0.793349479198992,0.717115247933358,0.650379556419199,0.547062420171886,0.485842484839617,0.43742529521875,0.388386030175554,0.35138515588033,0.298826873159844,0.239564768804412,0.213834557535698,0.22949813709136,0.217189458515046,,
Lebanon,7.98399886043141,6.01146188221865,6.64083361449165,6.36813446315271,5.37354317450026,4.30515463917526,4.02309839764427,4.77062121038783,5.38816295157571,5.43090164242493,4.73815461346633,4.59785301403798,4.55523899968344,4.52151693621265,4.6290096780084,4.68825910931174,4.05651043464255,4.05867139863704,4.17102966841187,4.05832602327083,4.06714508002419,4.02923843242141,4.63885673504556
Liberia,10.1342281879195,18.9837905236908,29.7276853252648,,,,,,,,,,0.681370035132996,1.48062644026761,0.649803313688032,0.471701201939321,0.459625181310369,0.622691118772699,0.654290949673451,0.858742073249644,0.842120426390089,0.784947341381968,0.77084361124815
Libya,,,,,,4.07802671566895,5.29744153194161,3.20628071437133,2.83644526068769,2.4031007751938,2.21051822235891,2.08209399167162,2.07622099909427,1.45966543951431,1.11775949472285,0.946671984609248,1.26236811254396,,,,3.64728082059222,,7.99822629969419
St. Lucia,,,,,,,,,,,,,,,,,,,,,,,
Latin America & Caribbean (all income levels),1.30861432993923,1.38893937793542,1.44515896797069,1.5747504841537,1.50710531846172,1.38718378856053,1.42436874492713,1.34772896541578,1.30385186966752,1.3505338694881,1.2744190304204,1.22014748623774,1.19199158546075,1.25481284024943,1.24443824805281,1.24983005462166,1.29778482892856,1.40826818263567,1.36856726503972,1.28211471423289,1.33211767285647,1.35543778524579,1.29983064565276
Least developed countries: UN classification,2.52702114718763,2.89868483826102,2.21071702893571,2.03528325936098,1.83811017807924,2.02101390318261,2.19437810274462,3.07333829875426,2.41965655701476,2.25300152792322,2.24233130889204,2.12618009015975,2.26349314298754,2.2078973741169,2.32280725937615,1.95763074171601,2.12751183359843,2.26375560813994,2.20319599289188,2.14842710794321,2.21683143001018,2.37994536435226,2.2518690278729
Low income,2.36548713038488,2.32224595069935,2.2322253679005,2.12852396612982,2.1267308474313,2.1306963053568,2.48875205123796,3.05647630275403,2.3814761085513,2.43876297370439,2.772266866881,1.92036992484164,1.80216919778199,1.56447273722893,1.62191326102533,1.59006502352639,1.84551813141902,1.77116941827706,1.76225002677078,1.84410286104985,1.54493905503516,1.51040225229934,1.52887181792101
Liechtenstein,,,,,,,,,,,,,,,,,,,,,,,
Sri Lanka,3.36763990096007,3.43178545334441,3.729338230723,5.86113224274153,5.51978290076654,4.63060184909573,4.64348232686894,4.03014917302914,5.03389009428499,4.28699051858516,3.34258950133768,2.86891182725842,2.9973583835404,2.63953327283061,2.79877366708862,3.26060824525636,3.71216956924122,3.61866399823134,3.09089544019883,2.96027405383175,2.46089161599957,2.72992534207647,2.45997004294063
Lower middle income,2.74242416521775,2.56283599475335,2.57926318434851,2.53602994004217,2.40143559921568,2.48947809118631,2.59716473025271,2.53727290524574,2.43368872951057,2.4526573475121,2.38586007160327,2.30579101365798,2.34301547182982,2.24762810805921,2.08345298498266,2.0263205478115,2.0140931633076,2.16390880846406,1.96069329591455,1.87473303269404,1.88236017455993,1.86336878923417,1.82608888550252
Low & middle income,2.29514731795268,2.14288729537459,2.09189499369168,2.0877602701329,2.03092425937501,1.99452224420123,2.01395536775308,2.07698429988679,1.96061618102213,2.03586183120116,2.05838248422102,2.00441740262534,1.96028456375997,1.92404673677292,1.8807455814311,1.85794060721057,1.87668852083265,2.07007611168609,1.91523738403991,1.84140462269499,1.87205168959694,1.88069712569689,1.93070135759991
Lesotho,3.34793187347932,3.02798982188295,3.42409548675867,4.00112323491656,3.47420182440137,3.33796062594649,3.39348785871965,4.25158260159281,3.96177267701492,3.31128806137555,2.97827318832151,2.82344876655799,2.54310493884526,2.45697295071591,2.46525290497537,2.49358877136043,1.67726830885895,2.76952473045608,3.23034960678342,2.30524546755858,2.2331972978466,2.23222161053442,2.28413346967127
Lithuania,,,,,,,,,,,,,4.12942634366741,4.01287471907972,4.01882122329646,3.84116085356069,3.90288809437153,3.73346005910569,3.03735897976165,2.7362364108259,2.64993696343879,2.64049251049903,2.70043983706474
Luxembourg,0.761931364105429,0.651358225944715,0.683051179815674,0.654659949622166,0.65416169720626,0.688979799969868,0.703744379060326,0.632137987129495,0.601756745652465,0.763333404359592,0.658756203624372,0.682747437757485,0.686000508148525,0.658349960028752,0.591524090344045,0.581311260193808,0.530348457592111,0.551339700060121,0.634988367013116,0.521098598456982,0.48845065278919,0.485778824901023,
Latvia,,,,0.792996410903094,0.637417924447855,0.548280076829055,0.555913252406602,0.675433438974374,0.708978437195544,0.833181423378406,1.27785123640741,1.46804753495919,1.50226660758717,1.5946640647186,1.70129583869882,1.55589738149543,1.63093364804616,1.39083019329191,1.08797619774522,1.04817547160469,0.895710491965612,0.918117343649259,0.938083184744614
"Macao SAR, China",,,,,,,,,,,,,,,,,,,,,,,
St. Martin (French part),,,,,,,,,,,,,,,,,,,,,,,
Morocco,3.8340351492821,4.15350853717283,4.00525362780852,3.86709536420921,3.49683114405957,3.75961240528436,3.61044265515044,2.96960666788168,2.32065097195848,3.89749579035746,3.64909098256501,3.6514115730754,3.40227517994515,3.41230179711529,3.25196070280457,3.2016019368637,3.31344007270162,3.36064353968672,3.48218854994104,3.36927039011621,3.54804911679438,3.9153703463945,3.78359028633176
Monaco,,,,,,,,,,,,,,,,,,,,,,,
Moldova,,0.530093355299286,0.773792417374759,0.925968809141917,0.90668922608637,0.902777086988202,0.647425631239991,0.511298230031613,0.395144800281458,0.402596859975447,0.419846587081724,0.416381264465176,0.360979036536125,0.400235111834687,0.482634465593045,0.516193551320111,0.608535597782922,0.457886649076119,0.315501849511349,0.327388277141414,0.327674671710159,0.335190528305641,0.346991152631426
Madagascar,0.76385927079075,1.12229638371969,0.92645480037729,0.859857716211413,1.23761034745031,1.48190046001413,1.34930675668858,1.21147102513359,1.21751014267847,1.43584370312984,1.31316816374491,1.32474894980379,1.24822624687533,1.07194151882955,0.977431205132008,1.11586460555189,1.09711522579698,0.830202948535888,0.652042505723996,0.727707064436954,0.691911752985672,0.69764685063772,0.674804211526017
Maldives,,,,,,,,,,,,,,,,,,,,,,,
Middle East & North Africa (all income levels),9.51848333416116,8.09004944827458,7.53335797825994,6.5681046840947,6.0211826761779,6.22988650519816,6.83208107194547,5.99450779054413,5.90879737810361,6.21262725836243,5.87219152300255,5.59995552964102,5.21498676545548,4.84481492950121,4.60987638648713,4.52220514339624,4.23832944436293,5.16788273343056,4.8947979424976,4.64768327822559,4.7796627534393,5.85531941717728,6.65568072913457
Mexico,0.550058775557418,0.461804012440622,0.547834285087313,0.49824566189043,0.519365181445325,0.498203551522776,0.494203945557633,0.501871313195128,0.486084985792046,0.488508913059213,0.469213133882838,0.454985871628993,0.406223687618839,0.418022840774587,0.422238721115056,0.458070629659143,0.448540526800638,0.542546694296955,0.56103491769839,0.552549300313727,0.588102724186368,0.620924604635243,0.675391504851308
Marshall Islands,,,,,,,,,,,,,,,,,,,,,,,
Middle income,2.29379577033032,2.13973977716999,2.08976936579904,2.08716139751064,2.02946001903132,1.99242249084564,2.00728734034044,2.06151396158603,1.95317994219509,2.03011965858561,2.04814408497625,2.00580138519547,1.96277062543562,1.92951121957974,1.88427034873919,1.86129917472626,1.87716053790039,2.07454026950916,1.91736967495563,1.84136903763673,1.87650775681534,1.88581628585357,1.93645417456308
"Macedonia, FYR",,,,,2.96014289667887,2.23794891348809,2.20639198486948,1.80326212002589,1.85082406312589,6.10040690510434,2.64559267695616,2.3416972466821,2.3801044211606,2.02926596789724,1.83653685342253,1.95007093263679,1.74234134348864,1.68816415916184,1.38215304965058,1.26218800222325,1.22531888588674,1.1748962585,1.17753778218974
Mali,,1.66161146303211,1.69619508035914,1.64096907929469,1.51515140986669,1.62664654487078,1.57963093677816,1.70604114070581,1.80315994588459,1.70669720392177,1.47645255161678,1.53029943778398,1.58837771077473,1.62951065492213,1.56802971759848,1.54472856287687,1.63566472138203,1.61118663790303,1.55786849607836,1.51267381816387,1.43959679166913,1.38443602448266,1.41019794632986
Malta,0.883305236505872,0.909421261432375,0.92948233571044,0.86522091609242,0.906811547194291,0.857103498943888,0.763373172429798,0.716154439303811,0.640678385739044,0.692249628673695,0.661151311241185,0.666570342543401,0.718113399103931,0.877812837332891,0.69536084505932,0.655643342926802,0.655022432275078,0.729808071625817,0.71942177588137,0.600830855213019,0.562026268587629,0.557816759838075,
Myanmar,3.35452196859035,3.52311149484334,3.54112037863326,3.68483237946254,3.49342786434001,2.6653872367261,2.3142349618829,1.99453732787903,2.30536252714248,1.8000564468312,1.29887889526786,1.92435708865129,1.90911007234444,,,,,,,,3.97536101648868,4.03563079845131,3.68862814459201
Middle East & North Africa (developing only),4.0722558213105,3.47267282275837,3.65903598046122,3.40908627021175,3.28806438975272,3.44756238496503,3.61097571064724,3.29591526553505,3.16288346890794,3.39067926405916,3.31179170994474,3.34962515725274,3.19759628467672,3.12896570090285,3.00058746478567,2.83067441950678,2.77709295399163,3.20290193232506,3.02473081458644,2.91670818357928,2.82363508417892,,3.90685506084613
Montenegro,,,,,,,,,,,,,,,2.31270573541716,1.74969510909853,1.88292729405199,1.85174810724171,1.82676059287563,1.76558258040976,1.67362315913362,1.50282064406685,1.71377770160988
Mongolia,2.10937894478582,1.82143678885109,1.7707256739724,1.46548711905361,1.60569846357549,1.58286902302318,1.77162217774519,1.7043456376223,2.13436890069402,1.82372284327005,1.81031990173818,1.52530881710582,1.39300354648348,1.1808355448599,1.14789142408192,1.33558023357178,1.18703648459255,0.821010167197022,0.76299723476197,0.837270239823605,0.931777868485854,,
Northern Mariana Islands,,,,,,,,,,,,,,,,,,,,,,,
Mozambique,2.96844542513086,2.87088530363856,3.30349625526176,1.46048227542752,1.11168264284822,1.10274023900951,1.13921106654167,1.24587003573852,1.28445731982972,1.24217179894994,1.27363592336061,1.28094509803618,1.36241802504446,0.94623243131629,0.809467271779052,0.75284018543991,0.757533665018173,0.786516587276025,0.980218130179719,0.900734862842113,0.931411997649463,1.02147961102455,1.06039657230309
Mauritania,2.68907317627081,2.41256911129714,2.24085671824027,2.2601518929771,2.62633799778152,2.96726238017127,1.86243898746611,2.27363748414853,2.92800544546355,4.00238442248896,2.73938350984677,3.9952759597601,3.83812031748589,3.05155594863732,2.69364721669718,,3.05933385335901,3.13532406618269,,,2.93694650840321,2.85137658440918,2.8592711715019
Mauritius,0.35442463312721,0.330254627970395,0.333147828018595,0.332827181252282,0.293389476556669,0.234080868380083,0.202815822742518,0.210683864255253,0.204255974617288,0.19788691212511,0.199316796249624,0.193997409309009,0.171244345354481,0.173241389054831,0.160651037274414,0.149284010524676,0.161601948118229,0.173363933218584,0.153056790453588,0.155629374851011,0.145622173426207,0.194506946871723,0.260551076138584
Malawi,1.40248606462611,1.24251361551959,1.443625452679,0.790558144725169,0.883467842386244,0.991556801925647,0.826816546700197,0.811014322419699,0.672638801472976,0.738822810972891,0.555883101251578,0.541059251956588,0.836753305175993,1.38706723977221,0.997521734945943,0.921086084382258,1.0396713363267,1.16878580108206,0.925872910665485,0.938266657433192,1.16811996607127,1.76637874905279,1.21012053517745
Malaysia,2.98640191660639,2.8752620605948,2.84711528130932,2.751357474199,2.40056437500985,2.08555865079224,1.60532968041688,2.10148854746096,1.63468013468013,2.0849228116252,2.21913139689937,2.61480673115727,2.26305719450943,2.17392904054248,2.00760076543864,2.05143543366615,1.91142033713834,1.96028095396412,1.55707758548249,1.66139562202092,1.54020914061256,1.54621361604406,1.50466445982546
North America,4.43133980052608,4.1309958702415,3.77484006975492,3.48451898475923,3.20875290350124,3.07003362385051,2.90132694251687,2.79807803397382,2.81195423641236,2.82810513212053,3.11350455768342,3.42931461953474,3.58083859863046,3.62144342213997,3.57672721995078,3.60439206928511,3.93866234705053,4.35415810530784,4.32789385050333,4.22854234078133,3.91842765846139,3.53720078776641,3.26655808218396
Namibia,3.61223620024598,2.17980128712773,1.56625074945776,1.73079795233245,1.68462781569253,2.03914251216846,2.06223894329941,2.7694912933417,2.36393444397349,2.72801968305828,2.61784238672374,2.62506086160382,2.52762961598562,2.64514801741127,2.50115680758125,2.61046595302612,3.14641979490704,3.37472347461997,3.51753239486008,3.57413081648685,3.1655623754236,3.06452958791874,4.0793640265359
New Caledonia,,,,,,,,,,,,,,,,,,,,,,,
Niger,,,1.11764028345633,0.979974447245112,0.875252887037924,0.93759861950638,1.06107295844312,1.16690805216649,1.11683848797251,1.27629740532959,0.951877313590693,0.900787401574803,1.03546633184524,0.96319798452202,,,0.992538233756465,0.982009788706612,1.16969126705425,1.30980368816276,1.00539299218175,,
Nigeria,0.540827128119192,0.892285570474223,0.743688624933481,0.697015376672014,0.548403071513072,0.616522624687641,0.8934081560208,1.37067332304248,0.794728910436473,1.29283343838895,1.51718464643635,0.868306875927554,0.728541158517322,0.60063828335317,0.533693941973837,0.58354671190545,0.776456931342861,0.887702077285348,0.539231125625786,0.579227051399208,0.502541110746708,0.469695304619353,0.414718777203387
Nicaragua,2.63275323516287,2.10242336852877,0.916773739162617,0.849965416510911,0.731956683695015,0.689541541887073,0.566758651391918,0.554528378923596,0.60328329511904,0.526806206852528,0.666800676050453,0.663388004864145,0.563237479936222,0.539815887727341,0.549418309173012,0.529250425667389,0.502388126947106,0.497829706525223,0.506473594968325,0.527420219278618,0.670465528791715,0.784312254575802,0.702143750397097
Netherlands,2.2144881416486,2.02919274583814,1.91434269611653,1.80128861843811,1.76893451628528,1.66904614909708,1.58542083716568,1.59719077314282,1.4445699920437,1.45519230001869,1.44847078846329,1.46372419355795,1.45140893523626,1.4229010683318,1.4203653713353,1.37795307928487,1.32873226233654,1.41390755282118,1.34154220347357,1.30325432512766,1.2591704597249,1.21155602153532,1.15994659546061
High income: nonOECD,5.23408746727804,4.92840383285455,4.75215772667453,4.34534930560293,4.13888120244108,4.35446263380912,4.27084598235722,4.07468306944719,3.93763265504734,4.15461353605781,4.27851504122722,4.06049175962201,3.71084371959044,3.57313348767557,3.45328006960737,3.39474879164513,3.3044511163185,3.96002634337951,3.6502459698389,3.56859830040856,3.85712330253211,4.16018446885593,4.44032716145751
Norway,2.90717052046937,2.63362169745148,2.67697825449739,2.30749103957538,2.16307292323476,2.01607957074415,2.15673766669647,2.03910718250203,1.7058318732318,1.70454145987594,2.08059193132079,1.97485448684346,1.84878514417382,1.58229852856443,1.45090172400095,1.4655760489663,1.37914622818936,1.603491462725,1.51651159477531,1.45180487060584,1.4015880167597,1.40924745527651,1.35482247564083
Nepal,1.05196366550895,1.02486310492822,0.973041872415593,0.941485114634425,0.900716314535601,0.880707845982183,0.927055460453057,0.947369575132442,0.962150318323636,1.09833325406155,1.44764856576333,1.59225038650552,1.7932925818213,1.929159908519,1.74911020602858,1.54739381748685,1.59997204710798,1.64544781193841,1.56366587467534,1.54065169713099,1.43183199069758,1.53105823259837,1.54496175040199
New Zealand,2.06892860804582,1.89667159667151,1.82350036579831,1.81558552011215,1.78211219519481,1.70432912358533,1.69531736004258,1.61928422466234,1.57671929261056,1.47219741278599,1.38319616248924,1.34845991784982,1.25245708062325,1.20782687233511,1.31366396737574,1.25312044291752,1.25916336359374,1.34725571024863,1.32894344643979,1.25202211319269,1.20091493857836,1.14677561183712,
High income: OECD,2.82530223080131,2.68705166090024,2.5012693244191,2.31413161301094,2.25410513661293,2.22939740257881,2.17964867282502,2.12248967701576,2.12525446863431,2.15338173338386,2.28930640531458,2.38600891809895,2.40743553693457,2.42651228350286,2.40750128148309,2.37595902167281,2.48351088810294,2.71240949322338,2.66553263029784,2.57352020195384,2.48352867327354,2.34835897448353,2.26656913951489
OECD members,2.79406039604955,2.64528217763497,2.46524491428975,2.30002948792731,2.2404328988667,2.21037296187501,2.15767940994939,2.10462961430575,2.09986966050305,2.11960564149128,2.25445699622568,2.35187906916156,2.3675922413456,2.38038770815136,2.35911791135316,2.32833006940002,2.43111052999869,2.66519760998924,2.61164716029263,2.51781701828409,2.43233819351749,2.30103330899056,2.22266028057692
Oman,16.2451179013764,15.3676409359647,15.688603466672,14.6238058450001,12.5427710535723,12.4772148780688,12.4782443158255,11.3764437422275,10.7804708956617,12.4744294252136,12.3681390334284,12.1372412300738,12.0105864560578,11.7496443812233,10.8291694328942,10.2794497521907,7.58003424701406,9.27907639221082,8.34767336656673,9.81433274634408,16.1566161215264,14.9501683232872,11.7644066287662
Other small states,2.8381630859074,2.42507761681629,2.13498056251876,2.04304744508412,1.75324373230709,1.92478408086137,2.07375083382158,2.11080194439398,1.99499630016695,2.12705430581452,2.16261992510221,2.22559477068246,2.04714750787975,1.9021121761219,1.82695584062919,1.76882445885351,2.00253119590747,2.51139875571025,1.90735887513017,,1.78510068687519,1.70161095220656,1.84777631365076
Pakistan,7.05274791653529,6.9765296041157,6.50180897621171,6.21676575976916,6.03724318723048,5.62118871051166,5.41518402662627,5.18993635606571,4.16872380336064,4.1806486799008,4.39063982963868,4.40967026331679,4.26374592683731,4.2001408662629,3.64525520437771,3.51198610011098,3.45937100362745,3.26522399322955,3.42369097294437,3.28565081602325,3.48439877285312,3.45501062582515,3.3973843290038
Panama,1.18649682295901,1.31261461248914,1.30593878896805,1.22184136299819,1.08559230216368,1.17017056723522,0.951292019208781,0.974136501313688,,,,,,,,,,,,,,,
Peru,1.8133076231334,1.97817005449165,1.7995629011299,1.92322499693652,1.83119383912484,2.07416269778963,2.09416650580613,2.01057496189387,1.78896909470822,1.75201909371293,1.54184192037007,1.50950024516914,1.3822239026267,1.53326401218631,1.38565068979005,1.19639779787608,1.13871356253967,1.42148230117145,1.31684160840044,1.18728162621799,1.23414570980255,1.46207462909214,1.37832810206487
Philippines,2.03646307708358,2.1575400299907,2.17244402019691,2.29413033178712,2.2684055873093,1.91445900946248,1.69729229777791,1.61577718857217,1.60822668371303,1.47137884115277,1.47389023670316,1.5508448327268,1.36062655037408,1.33179520732532,1.31516390491855,1.34866905996955,1.30365576420414,1.25689259979331,1.22159432048681,1.2052534093783,1.15836196547628,1.24125064272121,1.15664297380708
Palau,,,,,,,,,,,,,,,,,,,,,,,
Papua New Guinea,1.3379114373668,1.37864436728237,1.5225213822035,1.16535102587696,1.52869148012421,1.61591050341827,1.32118509405915,1.03894338596769,0.960373056143306,0.822407972066985,0.568830166016044,0.547450481333502,0.622029920745721,0.626076586723201,0.566372728886785,0.619614934581428,0.491643905374751,0.642156643231382,0.476893380265698,0.498656706637835,0.718740255690677,0.539095244977598,
Poland,2.03322730604767,2.25030437494705,2.07171699776726,1.95058823504635,1.96296935941949,2.02619721288901,2.01400258190327,1.91800108150651,1.83033658531361,1.90563800121799,1.90063864932514,1.90804203657513,1.88486864098798,1.93698151827714,1.92836335404601,2.00327282471037,1.76345510372482,1.81084554099203,1.84400952581718,1.80325209741102,1.81113365109345,1.76323978545455,1.91615939036833
Puerto Rico,,,,,,,,,,,,,,,,,,,,,,,
"Korea, Dem. Rep.",,,,,,,,,,,,,,,,,,,,,,,
Portugal,2.35358413021307,2.30703222996059,2.1801253296475,2.2602886655368,2.12079523992225,2.04070267856881,1.88373320692516,1.88800994991608,1.862356119854,1.91272017816716,1.93856331775472,1.88521623472632,1.9659175331886,2.04730335336452,1.94997013510482,1.81805540278923,1.83655853383917,2.03079883407182,1.98021672896874,2.0026497644843,1.91213672371406,2.12639223494922,1.82958930169904
Paraguay,2.02080718554084,1.51834330788017,1.54745772705674,1.67517888015416,1.48513410562294,1.77856694134314,1.63134965574417,1.46617534892338,1.42016712266818,1.25706886693661,1.16688107150163,1.0176206960842,1.11085550601498,0.941953426137461,1.05239465778224,1.00437495540232,0.961543770376061,1.11442309172585,1.07853590255699,1.20338528820992,1.37826780405001,1.36472432360807,1.4584852314589
Pacific island small states,,,,,,,,,,,,,,,,,,,,,,,
French Polynesia,,,,,,,,,,,,,,,,,,,,,,,
Qatar,,,,,,,,,,,3.92996992225186,3.33399484024608,2.43385968557379,1.99301626863922,1.75049974956117,1.95983484518459,2.01049613544877,1.99221317692269,1.49993897696079,,,,
Romania,4.2609301399854,2.74758178464418,3.12015305419177,2.77117366321799,2.47613828986112,3.04595373658449,2.97807767743612,2.6841102493333,2.5078842150236,2.42857312426555,2.29651946821737,2.10259355834747,2.01885450017787,1.99245833082429,1.8350178412572,1.52838847826526,1.46835049543423,1.35395460823875,1.26596998663149,1.30324960068862,1.37603544786599,1.32950404056409,1.27730684015439
Russian Federation,4.75539189900053,4.49070025071424,4.85959885386819,4.06657332866643,4.0364577647176,4.34074702241195,2.93622600395497,3.30210229723005,3.55319208552343,3.81032245404535,4.04020182595821,3.94419130297684,3.54611035933006,3.57805836617178,3.48688923830037,3.34960400297041,3.38284046263824,4.21480869814806,3.85071504128686,3.6874079874661,4.02156791217724,4.22461846641793,4.54727452498023
Rwanda,4.36516849860783,4.53639142521376,3.43787692909038,4.36395394411213,5.32858020583771,4.17338327357534,4.37791726701195,4.44816938322186,3.53498605106115,3.39681283564054,3.04740393779784,2.44836261964736,1.97281158819629,1.74305555555556,1.75407925407925,1.47215496368039,1.41059855127716,1.41794272456082,1.30760358110141,1.17663806552262,1.10523111612176,1.09652551398026,1.08943219521247
South Asia,3.13071159188488,3.24788142653341,3.03795028449603,3.01784385222928,2.85637200543595,2.89998138585066,2.9320918607558,3.05809436421715,2.98456482816513,2.93452059737963,2.85391390075623,2.72893324601623,2.84756217655441,2.77610263797736,2.56139750094542,2.40454565997479,2.57799089200177,2.82257856501521,2.68103017851995,2.60210904638303,2.52215383471878,2.45583030428915,2.40618009619468
Saudi Arabia,11.2841579833052,12.4653722820651,10.644760513264,9.27846839011516,8.46807775904447,11.0009354234167,14.3110374500593,11.3819171654884,10.5943902062811,11.4892116521151,9.81264858917189,8.73711237708911,8.08155970989907,7.73060138726051,7.8483674355699,8.52705271335434,7.35343759971845,9.61719999229391,8.58837291823058,7.24876028120208,7.69772127946681,9.00400142014768,10.8224534310643
Sudan,1.89744181056817,2.12033839187175,1.29142892521725,1.40657501374087,1.17907609086879,0.83665954852297,2.31068960512732,4.02186928677946,4.79117550507398,2.94390436847465,3.27361826037812,2.25605484679087,5.78233539686934,4.39207190844983,4.29113043021682,,,,,,,,
Senegal,1.82806073984349,2.11202303889704,1.70604629543022,1.65854630299177,1.57476291638383,1.51525509600636,1.49275833224442,1.52185659251156,1.33262592990833,1.41240168777065,1.39413746582196,1.41211720628019,1.33917465733379,1.42877577100701,1.5873459289017,1.70859404417231,1.62008483439714,1.67661125477803,1.51350456815598,1.594040937236,1.40015599590612,1.60047818591268,1.53986065729026
Singapore,4.47136864604274,4.09176493399803,3.79143512807907,4.17879788368962,4.25331403898939,4.45003647708667,5.21105296070909,5.20735398793435,4.51888629365982,4.82624999921862,4.9249862874241,4.86964764804806,4.41680505073795,4.28812584286617,3.94502523048098,3.62178147228127,3.87778862006233,3.91761178883577,3.42984932114948,3.24011450728807,3.1633927400937,3.17616088617592,3.1962569577053
Solomon Islands,,,,,,,,,,,,,,,,,,,,,,,
Sierra Leone,2.9685710163108,3.03551905679794,2.90567979468473,2.87379656537363,1.9743686149318,1.11625198175171,,,3.66598211547366,2.77088776803796,2.19001257368294,2.07580100682917,1.60434585129706,1.44682160997383,1.48651449088264,1.34709099901903,0.943767272401665,1.07606529647733,0.972150455137938,0.868869319603902,0.726922401327867,0.614394970098376,0.779666371564882
El Salvador,3.00602885115959,2.39262035168637,1.9664588898783,1.69464765012368,1.56075808249721,1.45491122347257,1.3407281569568,1.31571558080018,1.28672691695662,1.38278540763211,1.42590534504812,1.1032319379,1.02542678642639,0.994512630310405,0.997266949495167,0.994782366487772,0.975222808081751,1.04060790862011,1.05423866506679,1.10635723237824,1.14808344811368,1.09690796443396,1.04084060269627
San Marino,,,,,,,,,,,,,,,,,,,,,,,
Somalia,,,,,,,,,,,,,,,,,,,,,,,
Serbia,,,,,3.51128589512011,3.78650446661838,3.51189797884574,4.00594743451673,5.15394294063283,4.0275711979198,4.20995410624924,3.44790847102019,2.97316142594686,2.39791530202164,2.30352490107888,2.41146993952101,2.25668338073495,2.28616844307703,2.21067339956029,2.12401049524188,2.09517465340869,2.0206875269999,2.16587090493476
Sub-Saharan Africa (developing only),2.4243313312478,2.48023626634507,2.15619670287891,1.92604780004131,1.6053282950459,1.61714413407486,1.64683936742432,2.15086766613827,1.85565241862645,1.8715353296797,1.99859295279412,1.65118683013082,1.66242176737171,1.58087873306425,1.55306229512995,1.34068656736257,1.50998968954495,1.59336725069374,1.3201824052742,1.30602177603324,1.26445083365492,1.33850082129835,1.35851323879674
South Sudan,,,,,,,,,,,,,,,,,5.76129581825709,4.96847015986446,4.14063583261781,5.90525220271902,9.53060286768635,8.31875582782783,8.28667575370422
Sub-Saharan Africa (all income levels),2.42785258500757,2.48067259456211,2.15678477594038,1.9268830526613,1.60608410333873,1.6178163669188,1.6470147131719,2.15012695476587,1.85533251998028,1.87134686562053,1.99791236979223,1.65131703375741,1.66277182301567,1.58090871994953,1.55287602614893,1.34796315001458,1.5157611005174,1.61747271048139,1.31973040712476,1.30564278259368,1.26415098472603,1.33812641075471,1.35651182518364
Small states,,,,,,,,,1.30855756223856,1.37647956690448,1.40236869478279,1.50218412875036,1.49371004430101,1.38075560457934,1.35766424339303,1.38400042484182,1.44750144142232,1.8484769253764,1.5009188892914,,1.44011344129544,1.41158519631206,
Sao Tome and Principe,,,,,,,,,,,,,,,,,,,,,,,
Suriname,,,,,,,,,,,,,,,,,,,,,,,
Slovak Republic,,1.94064170742299,1.88538780140503,3.15455810787471,2.9738286677448,2.28311624477759,1.74433653315927,1.57382654973916,1.65558407524979,1.84334483723533,1.77293759773784,1.83799684143269,1.64944523976081,1.6820045160343,1.5998318965594,1.47738735040777,1.45901223228578,1.5151044923972,1.26977560859473,1.08744608736057,1.09456713126189,0.98596065940875,0.990096377180585
Slovenia,,,,1.57303477574917,1.53636281209044,1.40136831751909,1.36118246899735,1.211302468275,1.09316474447148,1.30048045094293,1.3876177373267,1.40379857796825,1.43065186989343,1.41470441310313,1.53802518744811,1.43966591375887,1.49191593414701,1.59004816652012,1.60951252912788,1.29883585943518,1.17480419930012,1.05494687915007,0.992042183942609
Sweden,2.28982490413835,2.38683434804186,2.27993852443745,2.16993122604937,2.15318124765466,1.96735340305191,1.92363452405592,1.9009729857265,1.84350421239158,1.72061191301506,1.64992396520299,1.60238525819008,1.44475360190224,1.4184728921713,1.32781298714038,1.30913879758681,1.17221666436907,1.17837597525201,1.20520091795611,1.1231815985278,1.14798632218845,1.12656476157982,1.15206666966391
Swaziland,1.63271007247431,1.74804861742038,1.81809083021062,1.69333948160801,1.65257857040598,1.49483856577818,1.63175644672846,1.67022671516792,1.60519674470921,1.45739717301104,1.49796190387626,1.72207882953541,1.76383310736487,2.30146656118785,1.98514677887987,2.02623249501518,2.20737964484708,2.41396780125342,2.89225927652477,2.8010419116184,2.455906239929,2.45894857779255,2.37137018792389
Sint Maarten (Dutch part),,,,,,,,,,,,,,,,,,,,,,,
Seychelles,4.72717450027012,2.73252972796872,2.4436854517362,2.28089748357506,2.09583233341333,2.02473847893695,1.73292100084341,1.78018808400685,1.67933282099451,1.77826552168784,1.67737547090833,1.73431637499016,1.89764024536228,1.60235236405034,1.41343003078414,1.46828358039262,1.1501931911318,1.02087833270493,0.737915360913322,0.817465752347632,0.874957129513219,0.934486479461715,1.07706302213839
Syrian Arab Republic,8.37230578801496,6.74022066198596,7.22187843928386,6.94969131748325,6.04191619973453,5.88275524739945,5.80838099175489,5.81058074062499,5.33991624765218,5.25644128464307,5.21304117616578,6.24830654193079,5.54183867581242,5.02642664351271,4.39443417058901,4.10055163329246,,,,,,,
Turks and Caicos Islands,,,,,,,,,,,,,,,,,,,,,,,
Chad,1.87709674378886,2.67897241268859,1.87771473556135,1.38556230869927,1.5445585263561,1.07587945387098,0.922917331733647,1.3652279596688,1.54138113696155,1.53230080870402,1.72519670224686,1.49633636486064,1.14477310340688,0.834877633522662,3.00442361446081,4.50456152627172,5.90639869570032,7.98513561226523,5.77813869358188,5.01552985334417,,,
Togo,2.9010578971395,4.06550415768359,2.58451149446118,2.35626633015544,,,,,,,,1.722612355039,1.63750190640543,1.5714233986793,,,1.80213878645807,,1.79116976468784,1.57131250211585,,,
Thailand,2.65741909747911,2.52482284247473,2.5023826980898,2.29083603076049,2.16438646136931,2.1636740068762,1.88650715254302,1.67728439730828,1.53269955234198,1.49286251373819,1.42893917286456,1.32607875222924,1.15714580036971,1.12530244006219,1.17916405723486,1.42630136288933,1.63842917312834,1.82004169417393,1.55606670321028,1.59485875606515,1.50066384776414,1.52388998471263,1.53282913667761
Tajikistan,0.401854714064915,3.43676584211158,1.94235645789861,1.02152650043188,1.28926470740791,2.06674075989202,1.71301427962149,1.39209316421897,1.20307109350503,1.15363368657732,2.09464064001505,2.23842955636208,2.1727851466197,,,,1.01654735789176,0.954504690113193,0.952762566225903,1.09374116676809,0.999084702362353,,1.12838009700648
Turkmenistan,,,1.72018348623853,2.30061349693252,2.04471277268212,3.96082385136108,3.11539835655591,2.89190267251695,,,,,,,,,,,,,,,
Timor-Leste,,,,,,,,,,,,,0.71244635193133,1.67617107942974,3.69438444924406,4.24597495527728,3.40792507204611,4.45977995110024,2.82537473233405,1.82813891362422,2.62897637795276,2.15824250681199,1.90876288659794
Tonga,,,,,,,,,,,,,,,,,,,,,,,
Trinidad and Tobago,,0.493928565264837,0.48922442269727,,,,,,0.0373754947809852,0.158024767666778,0.216379463492627,0.300255201015644,0.588985076539413,0.611628692318389,0.629101948236755,0.576420377793842,0.499095768653694,0.722413238677122,0.695208768426348,0.620514027053358,0.726643540685877,0.891082976533814,
Tunisia,1.86928161800114,1.89047261815454,1.90023903173178,1.90185200389402,2.0292348279425,1.72642241341737,1.67797804853489,1.55608139389619,1.54790662277081,1.52111256358969,1.49264165050727,1.48388756491478,1.42590103659761,1.45160134699434,1.44631395371708,1.26101153704209,1.29062492083998,1.2996530168447,1.28570844485261,1.55650985629838,1.50584079413288,1.61583748632949,
Turkey,3.87060898069086,3.92140320609793,4.0513602795512,3.90165169500926,4.13969968894492,4.10367177517212,3.26115009271265,3.98451505498798,3.74915647249538,3.68152929792575,3.89213427354222,3.39196482549451,2.78480863897741,2.50134177523485,2.47194459187108,2.33212799342637,2.3159607330076,2.62797486234765,2.42755877484283,2.21096616545878,2.25769580009331,2.23883372331552,2.19484450824049
Tuvalu,,,,,,,,,,,,,,,,,,,,,,,
Tanzania,2.10602696006506,1.37928156816201,1.29411571004325,1.62721403741102,1.5553494732249,1.54354482520205,1.43685836691974,1.32501496699231,1.3259264374527,1.4516046659694,1.3025986099679,1.07430688799644,0.994614650928828,0.82394131787581,0.792124002148099,0.773035719210077,0.70833185234352,0.76809407242668,0.908923772561748,0.916153033973031,0.926954969813554,0.920898915297888,0.962466550565663
Uganda,2.16117359246945,1.93396792386423,2.31775547864108,2.29261303679061,2.313466857473,2.27943129355278,2.53481063373072,2.84361195491206,2.48144090626213,2.32165413556715,2.35775631495914,2.40472192270732,2.30987019495923,2.40372235751696,2.19795212853987,2.05094608734672,2.19014656833266,1.72735920817722,3.23703120958473,3.25344911005169,1.48299934545494,1.24482471119365,1.22254152988906
Ukraine,,0.465357824719083,2.50047966676526,2.82850558199289,3.28757706473186,4.12467188733182,3.35500461230672,2.98216826441918,3.63614982066208,2.86399921641608,2.77489925158319,2.8483900891735,2.59712036347515,2.79248933066336,2.77159181333191,2.87000281658483,2.67291162125444,2.94510836540409,2.73386731007446,2.2583233268538,2.35343700188443,2.39291890925322,3.06006607400902
Upper middle income,2.10620797990252,1.97706326713151,1.90466591352806,1.92533549578332,1.89553474459339,1.82205928000386,1.83361477422889,1.89947291981539,1.7943656156472,1.88907588248905,1.9324960894705,1.89730417618159,1.83082696679305,1.82302474195626,1.8171947094203,1.80676066030343,1.83605488527369,2.0467420118326,1.90319117237625,1.83118733486858,1.8747335451882,1.89258482194474,1.96998918722719
Uruguay,2.84951634850961,2.79239835763002,2.57770627164105,2.71463970997331,2.8059417188601,2.39971783190834,2.25813451928315,2.39445965248505,2.46349599073539,2.50581049091542,2.53117504849147,2.2999391810998,2.10487637041117,2.08155670407945,2.06282406362977,1.8392283966386,1.95268132671385,2.05479611457906,1.95612183039502,1.7556962388897,1.76124457083845,1.85749931557198,1.59164379498523
United States,4.66626397320814,4.32693048551254,3.94128955019668,3.63848926026153,3.35074442606355,3.20990321791854,3.01763593763478,2.90839390913051,2.93343201638071,2.94434364568647,3.24955176554546,3.60728784684124,3.78557006607289,3.84423043524815,3.80820052817979,3.84704407867721,4.22004646915036,4.63679244072592,4.66561510232437,4.58397597720211,4.23667206618905,3.81501632896795,3.50142763648889
Uzbekistan,,,1.527491769116,1.10803854719138,1.234188966136,1.4024958283427,,1.63765002395873,1.15178099544565,0.834781822510515,0.597785989201813,0.538919094308978,,,,,,,,,,,
St. Vincent and the Grenadines,,,,,,,,,,,,,,,,,,,,,,,
"Venezuela, RB",1.69835479374854,2.21688451273098,1.64386295816324,1.60078831935331,1.07419328741164,1.79528714950386,1.58858801558404,1.43719900378467,1.52657012884905,1.55510791113255,1.15337359551171,1.18269062721142,1.28830181236512,1.41143903263284,1.63375762934706,1.2893051242236,1.37043789860736,1.2203388985043,0.853924397949469,0.753524677610168,1.30233184721529,1.43090973756456,1.09350312582573
Virgin Islands (U.S.),,,,,,,,,,,,,,,,,,,,,,,
Vietnam,3.37458840383778,2.25869462823456,2.64935521781598,,,,,,,,,1.97094746756344,1.85150443569527,1.78096085234042,1.93836458436365,2.30475733676407,2.15637292727254,2.26520992201854,2.30504933664778,1.98209923374418,2.15688636813921,2.17684979502056,2.2855076468007
Vanuatu,,,,,,,,,,,,,,,,,,,,,,,
West Bank and Gaza,,,,,,,,,,,,,,,,,,,,,,,
World,2.8851204532354,2.72677054828418,2.55117845942374,2.37492069773211,2.30737114288273,2.3003294329534,2.24798022944978,2.1982774222872,2.18442028974082,2.22859850829087,2.33566115977303,2.39504062293221,2.39407061785677,2.39596672601825,2.36465579786699,2.32886690560319,2.4006886512047,2.63292362306704,2.52752740643466,2.43093073354746,2.40037923680561,2.34043614752546,2.3122323031875
Samoa,,,,,,,,,,,,,,,,,,,,,,,
"Yemen, Rep.",7.27704319121711,7.06392041645758,8.3987590412286,6.35057829009825,5.28134567130532,5.80575259672107,6.08156893693895,5.17272243639362,4.9153922367602,5.48101457131667,6.8956079503431,6.8545523297146,5.30136626240009,4.86831691808729,4.30846683494059,4.09811555313285,3.93592381895936,4.991793573957,4.68492285187129,5.18723305631891,5.04653428753822,4.5854380054109,
South Africa,2.81765049494559,2.42301978809496,2.48910425808582,2.11786473138621,1.75587798999393,1.58213482874233,1.3831633660832,1.27205372425805,1.38728978055287,1.48316333868958,1.52931040814183,1.46881166483329,1.35572776056961,1.38376939229127,1.29074629235827,1.17751782554154,1.14584327244181,1.21400210231591,1.11580811250222,1.10278667013409,1.1297752923613,1.12947141032005,1.11387842885214
"Congo, Dem. Rep.",,,,,1.54674774018602,1.37625001720313,0.428432721332873,1.15815393327262,0.220260772565817,,,0.880641858787125,1.33661699139032,1.38079545825312,1.43463133002162,1.25407559763663,0.833062936229872,0.670095572208528,0.894993206168315,1.00124690985717,1.46159587594239,1.42773266276062,1.38395051781947
Zambia,2.94962462515187,1.5585760444433,1.7199398633853,1.45302590669197,1.05176351974112,1.00766103470772,,1.64831846299962,,,,,1.58089960594261,1.67521291909145,1.61429847952033,1.65295207295857,1.55316759796901,1.44153046236808,1.38249018575978,1.30295923541624,1.38895238691549,1.42203291412508,1.63751230235911
Zimbabwe,4.38941302313294,3.80571458362474,3.59761561820867,3.69694828239347,3.40985620426522,3.65082813772265,,3.84076256722228,5.17641546786485,4.23024533342485,10.6746700517827,3.40108036330382,4.41125931135712,2.28314659719414,2.97029893937183,,,,1.03938874966387,1.8111892629141,2.5518069830085,2.64413635449427,2.69407548172811